municipio,region,codigo_partido,PBG2021,bienes_2021,servicios_2021,agro_2021,industria_2021,PBG2022,bienes_2022,servicios_2022,agro_2022,industria_2022,poblacion,tipo,codigo_indec,PBG_per_capita,Peso_Agro,Peso_Industria,Peso_Servicios,Variacion_Total,Variacion_Bienes,Variacion_Servicios,Agroindustrial,crecimiento_total,log_poblacion,peso_agro,peso_industria,region_interior,valor_ajustado,residuo,residuo_estandar
ADOLFO ALSINA,Interior,007,529207806.6069914,322296233.92012495,151429273.28047964,285959044.9287896,22727720.10212082,598774385.057956,372329773.9054062,163484150.9366361,334154132.6046148,23624529.22091556,17552,I,06007,34114.31090804216,55.80635059602152,3.945480937470115,27.30313036366983,13.14541803473946,15.524084590352706,7.96073136653586,Resto,13.14541803473946,9.772923182515012,54.03530359127014,4.2946683360246105,1,1.1923391294541954,11.953078905285265,2.1265404612413152
ADOLFO GONZALES CHAVES,Interior,014,389736875.75140744,251491505.954717,97813337.753639,231006275.43631336,12631680.4770418,333390903.18181515,195585327.63302216,99570696.87662388,170218977.7803492,14849274.858833548,12914,I,06014,25816.238437495365,51.056875324375625,4.4540132070536655,29.86605091091009,-14.457439384189144,-22.22984752883113,1.7966456961228594,Resto,-14.457439384189144,9.466067273186413,59.27236805368658,3.241079113360287,1,0.7774224550119779,-15.234861839201121,-2.7205168679570395
ALBERTI,Interior,021,310807157.4099791,173475661.20891258,102473910.11567308,142627000.43125796,16642035.300455743,297106996.8858645,161776699.7928138,99776276.866246745,127828619.33765356,16986363.701595124,12982,I,06021,22886.072784306307,43.02443923485239,5.717254685900427,33.58260758314501,-4.407929546501086,-6.743863280054021,-2.632507382982881,Resto,-4.407929546501086,9.471319061593414,45.88922649651911,5.354456904769278,1,3.0111031025691863,-7.419032649070273,-1.3140992012997055
ALMIRANTE BROWN,AMBA,028,6137215753.169094,1688464500.3846157,3230131251.326247,13305307.642826242,1436323208.0527956,6512979147.14841,1835859469.713443,3390111551.417865,12745526.311489984,1521623826.6724236,584827,C,06028,11136.591072485384,0.1956942594706507,23.362946392030736,52.0516260658099,6.122701385971018,8.729527289158419,4.952749211844933,Resto,6.122701385971018,13.279071355982564,0.21679713045701118,23.403498684417553,0,4.8950607216725555,1.227640664298463,0.2198682437061791
ARRECIFES,Interior,077,628681596.1004087,332810402.7082448,202377084.96075025,190732994.5825222,124657788.2551562,673295941.2278117,354418451.96051687,218259491.566868,199427488.63687187,135070059.63097087,32215,I,06077,20900.07577922743,29.61958871654552,20.06102389161284,32.41657615948991,7.0964929471670946,6.492600314304049,7.847927352643729,Agroindustrial,7.0964929471670946,10.380187461572742,30.338568166398122,19.828445596051253,1,3.5127240462541005,3.583768900912994,0.6347263761587002
AVELLANEDA,AMBA,035,6125439088.524248,2110727918.8719032,2950858010.639908,73740.77852261053,1688368390.246352,6414182672.598868,2185999200.8461885,3108341816.375388,54159.01667604208,1783660244.4471247,367554,C,06035,17450.994065086677,8.443634901046276e-4,27.808067457555424,48.46045045854556,4.7138430388699675,3.566129073353744,5.336881854960184,Resto,4.7138430388699675,12.814625525616094,0.0012038447767893207,27.563222257967414,0,5.341673337451186,-0.6278302985812184,-0.1121556593734458
AYACUCHO,Interior,042,437693421.0616385,232645275.82288063,152353624.71591678,198576650.51242605,19635481.698810577,451048321.7863316,238160136.12573352,156642295.7035797,200044633.52572328,22120974.28803658,21977,I,06042,20523.652991142175,44.35104264072341,4.904346878052596,34.72849540448651,3.05119978552577,2.370501736322162,2.8149451617312673,Resto,3.05119978552577,9.997751730926211,45.368890862186696,4.486126762240138,1,2.3919909887077626,0.6592087968180077,0.11673362703485438
AZUL,Interior,049,1523997115.37208,703503098.5996914,631685975.3532956,384279190.46305376,154447923.83403334,1492293658.750753,666284911.589864,628515039.3125867,341378141.9047857,173142765.23630413,75905,I,06049,19660.017900675222,22.87606999486712,11.602459356508122,42.11738323935095,-2.080283243422468,-5.290408398187502,-0.5019798071241691,Resto,-2.080283243422468,11.237237837366816,25.21521770526665,10.134397386725057,1,3.800142143351747,-5.880425386774215,-1.044171325879108
BAHIA BLANCA,Interior,056,5346461207.9722,1581164726.680351,2900726839.716339,52447881.69278185,1215050379.883706,5716704740.342797,1701271422.0000498,3090105714.773391,44701350.93170829,1331768086.5017774,336557,I,06056,16985.844122519506,0.781942621878838,23.296079594656817,54.053967366313465,6.925020456868189,7.596089976776951,6.528669727328443,Resto,6.925020456868189,12.726522804509438,0.9809831148606467,22.726254481598474,1,5.11999641557798,1.805024041290209,0.327732067711898
BALCARCE,Interior,063,1074259003.5408368,571781578.0173563,359755764.62240547,373579661.21073246,143800266.41422454,1096786966.1709006,562694548.9469421,384625555.87551576,345851729.9532562,149887581.40292633,48982,I,06063,22391.632970701496,31.533172860422727,13.666061507478831,35.068392289372234,2.0970699389821212,-1.589248310853826,6.912965322241123,Agroindustrial,2.0970699389821212,10.799208162665574,34.77556715646658,13.385995922794061,1,2.5298977225352193,-0.43282778355309814,-0.07662985931862452
BARADERO,Interior,070,630374527.2297617,301858433.41060674,224037078.95085916,125727613.35390308,147323309.26330394,681851671.5627323,332104987.5539071,237559167.463093,143922243.0638986,156737524.07992056,40002,I,06070,17045.439517092454,21.10755888213106,22.98704111419051,34.84029993189463,8.166120632950005,10.020112342581829,6.03564757028448,Resto,8.166120632950005,10.596684731846114,19.9449070231985,23.370758636255438,1,4.814725082150985,3.35139555079902,0.5946265586398084
BENITO JUAREZ,Interior,084,736835667.4906516,417125769.9134728,226066625.2230766,229392738.03920883,125323451.78941108,742501052.0074983,406453245.01296055,239675499.810931,219643268.879179,129638581.87104918,22292,I,06084,33307.960344854575,29.581543121767982,17.459716928419923,32.27948285903717,0.7688803306903618,-2.5585868029026577,6.0198512604085215,Agroindustrial,0.7688803306903618,10.011983148689428,31.13214359185716,17.00833134424795,1,4.091075897029391,-3.3221955663390297,-0.5878148358477102
BERAZATEGUI,AMBA,091,3855424396.818001,1134777445.879397,1971553375.3693275,18650784.13632699,887435390.4907416,4056686519.318831,1216368572.812598,2048894454.688584,17874071.132364042,944303714.8464632,358712,C,06091,11309.034878450766,0.4406076497960538,23.27770978480792,50.50660052067861,5.220232632935,7.190055391872188,3.9228498850439766,Resto,5.220232632935,12.790275117100746,0.48375437349309847,23.017839261046568,0,5.585407575989071,-0.3651749430540706,-0.06522033557538635
BERISSO,Interior,098,954601369.97142,222475359.7240487,543314470.9092873,1784843.12894279,184187744.48710808,1010784799.32518,243787514.8438006,568624193.9898981,1751144.4814928295,191587288.8856571,100930,I,06098,10014.711179284455,0.17324602454072602,18.954310453972457,56.255712825274266,5.885538311708277,9.579557550187497,4.658392963149422,Resto,5.885538311708277,11.522182486232905,0.18697261339528842,19.29472869839088,1,7.239370486502218,-1.3538321747939408,-0.24270866773745142
BOLIVAR,Interior,105,790446662.9593714,418097360.0782468,277912865.5268322,331173068.26080585,42617352.649324864,841757304.4548637,440461720.235701,299077466.32450324,363098389.3646223,44362608.28867879,37594,I,06105,22390.735342205237,43.13575747344076,5.270237401433513,35.530130209941085,6.491347727801029,5.3490794950890646,7.615552722811099,Resto,6.491347727801029,10.53459974217654,41.896953175932126,5.391553237731282,1,2.167437783690411,4.323909944110619,0.766871754484905
BRAGADO,Interior,112,885496630.0109136,451187060.2552288,312202133.05693865,278912506.50714815,125703726.98562393,911663873.1676452,450342816.9564003,331324109.9224835,262556667.01913,140803951.5105714,46504,I,06112,19603.988327190033,28.799722655111577,15.44472207956836,36.34279252190534,2.9550923481672764,-0.18711602641063513,6.124870665780312,Agroindustrial,2.9550923481672764,10.747293609381186,31.497861996799532,14.195844763867102,1,3.1356397399859723,-0.18054739181869606,-0.03191986596508049
BRANDSEN,Interior,119,577921383.0659741,266922358.01845464,216470167.69563183,56699126.472933605,155785421.89957774,603368711.8044336,274573045.746434,230701411.5533183,58953590.810667574,155716608.66118112,32448,I,06119,18594.943041310205,9.770740453935876,25.807869320153387,38.235560949685805,4.40325094106346,2.866259606267368,6.574228684340615,Resto,4.40325094106346,10.387394086950856,9.810871882285237,26.95616159296768,1,6.688758221904052,-2.2855072808405916,-0.4088982573283118
CAMPANA,Interior,126,5455134443.178591,3467996352.322644,965642933.2615696,44396076.34784303,3175589458.00816,5353751358.047687,3331973700.171729,1017406330.294568,32208009.21894661,3088760065.137758,110566,I,06126,48421.31720463512,0.6015970310337996,57.69337906391142,19.003615637943597,-1.8584892120794447,-3.922225929096359,5.360511142370363,Resto,-1.8584892120794447,11.613367906704086,0.8138401868969224,58.21285416675839,1,4.478030823987247,-6.336520036066692,-1.2217782778918502
CANUELAS,Interior,134,919590495.2693805,349108903.2578677,411342383.6306891,66478943.25867731,204379585.05489153,994444179.3041784,391120155.106974,434566791.22464347,67548834.42553136,213698801.7418138,70684,C,06134,14068.872436536958,6.792622032620865,21.489270709125257,43.699465517382166,8.139893182874923,12.033852891478649,5.646004039011378,Resto,8.139893182874923,11.165974517927946,7.229189905796415,22.225064972536664,0,6.806910168941908,1.3329830139330152,0.24078636079634985
CAPITAN SARMIENTO,Interior,140,332670173.4519447,180032303.53887618,98926668.68543598,79738054.12632345,95113136.08872662,363120352.385817,203074199.57237276,101911503.34307852,99620646.52878724,99840869.56023674,15965,I,06140,22744.776222099405,27.4346083534695,27.495255747646823,28.065489216863583,9.153263912393069,12.7987564345756,3.0172194184903063,Agroindustrial,9.153263912393069,9.678154105148883,23.969102278969974,28.590821684369015,1,5.101621880538876,4.051642031854192,0.7300915253222492
CARLOS CASARES,Interior,147,664843355.6554669,293428894.22001773,304351492.6464081,244249539.86418855,23463487.853787903,675640186.1222696,317712212.53814185,285877034.8326074,268095594.64652196,24920481.612974983,23100,I,06147,29248.49290572596,39.68023219359026,3.6884250115438166,42.31202357476005,1.6239660628266572,8.27570794712401,-6.070105867778377,Resto,1.6239660628266572,10.047587896509885,36.73790792770783,3.529175354494643,1,3.914820657136098,-2.290854594309441,-0.4052310174368603
CARLOS TEJEDOR,Interior,154,364797400.7200789,236267821.757863,90247106.08079916,207563306.9094017,8604096.409922251,425452711.80826914,283273401.5694206,97451763.80879168,260824303.56351736,9159705.728935644,14079,I,06154,30218.95815102416,61.3051218912099,2.152931565532829,22.905427819369137,16.62712260790835,19.89504091663013,7.983256240418536,Resto,16.62712260790835,9.552439604462528,56.898241736286906,2.358595865249725,1,1.1303869364661647,15.496735671442186,2.7614608282265594
CARMEN DE ARECO,Interior,161,340593970.6345752,170965404.27073348,121311742.05787148,103781302.42246056,56110446.69247582,358405619.06097585,179984117.0348798,126759960.42809948,105492613.86323188,59857132.323384546,17499,I,06161,20481.4914601392,29.43386159503385,16.70094695507578,35.36773802827396,5.229584185890025,5.275168273146467,4.49108905519543,Agroindustrial,5.229584185890025,9.769899015421748,30.470681036749173,16.474292421540536,1,4.5961931470969954,0.6333910387930302,0.11221017592244026
CASTELLI,Interior,168,166456049.8852444,84269347.10513629,59636202.70265566,53585409.34503513,9970314.671219517,183776865.4546592,96324754.8591692,63029747.17606669,59451669.66798816,10249567.116518836,9594,I,06168,19155.39560711478,32.34992038900341,5.577180289347995,34.29688879507915,10.40563895476064,14.3058041484436,5.690410052315274,Resto,10.40563895476064,9.168893182062009,32.19192656678875,5.9897580641214905,1,5.844902425642335,4.560736529118305,0.8112742470202511
CHACABUCO,Interior,210,1027810662.2761086,511507993.1299454,370522006.49230987,297910868.6415865,167838562.60203096,1039814688.1548148,500495330.1234137,388187049.6789944,271652486.6561187,173312589.15399286,52729,I,06210,19719.97739678004,26.12508649384199,16.66764194892666,37.332329895035926,1.167921906173159,-2.152979651235678,4.76760971741396,Agroindustrial,1.167921906173159,10.87292086780837,28.984994958298692,16.329716042286318,1,3.2609307441309867,-2.0930088379578278,-0.37026689309920674
CHASCOMUS,Interior,218,620839364.6679505,223857673.52221185,300387197.53937936,93981837.75871173,100370092.58866352,642357945.1483239,226304195.82378688,313574771.5111626,89391293.52702755,109198317.64391758,42452,I,06218,15131.394166313105,13.916118606797433,16.999605666697732,48.81620502705177,3.4660464050765163,1.0928918643176568,4.390191752447902,Resto,3.4660464050765163,10.656129304881713,15.137867072745449,16.166837720147694,1,6.048088229187801,-2.5820418241112844,-0.45754191372375147
CHIVILCOY,Interior,224,1104260604.8783596,453125273.1151944,482692125.5613023,228344515.76113808,173516141.89202207,1181415305.9016802,484977167.5836596,510851965.7248526,228207368.19097584,214145150.7386368,70839,I,06224,16677.470121002276,19.316439109175356,18.1261534084491,43.24067609188117,6.987001137455202,7.029379369966789,5.833913310850976,Resto,6.987001137455202,11.16816497547867,20.678498784830914,15.713332625058722,1,4.346184747725104,2.6408163897300976,0.4677846733915816
COLON,Interior,175,483912569.856385,251576938.93846977,156525800.0381451,129168985.52501464,98950248.72942016,505952682.8535343,257783262.66032845,169217787.5205707,131171298.56770971,98763631.49272132,27504,I,06175,18395.603652324546,25.925605894194227,19.52032963551098,33.44537804725046,4.5545650950315935,2.4669684542813406,8.10855940639344,Agroindustrial,4.5545650950315935,10.22208672762263,26.69262870426145,20.44796000211081,1,4.351063823052949,0.20350127197864387,0.03605740839301274
CORONEL DE MARINA L ROSALES,Interior,182,625362314.171233,116812100.43012632,396450549.2335683,29765829.023293957,39741100.288907774,698298378.6718642,153187997.35819608,424385232.51758647,24578917.150749534,48923175.319751754,67503,I,06182,10344.701401002389,3.51983019028308,7.006055980367834,60.77419703089535,11.663009242456551,31.140521225220844,7.046196136699127,Resto,11.663009242456551,11.11992732031744,4.759773390365133,6.35489209828306,1,7.8503369655865445,3.812672276870007,0.6889616458726794
CORONEL DORREGO,Interior,189,617361541.5406334,389306413.319905,170973978.6675545,370458436.39196086,6513819.592292901,492038352.7087028,267441798.13173315,174428545.8381715,248493568.95214495,6715230.891175635,15968,I,06189,30814.02509448289,50.50288612344381,1.3647779394040844,35.45019303432977,-20.29980496018347,-31.303007353241817,2.0205221856210933,Resto,-20.29980496018347,9.678341998551245,60.00672401255789,1.0551061499615904,1,0.4787384690855845,-20.778543429269053,-3.715046147732674
CORONEL PRINGLES,Interior,196,599323826.7405225,266794962.18778664,266313082.25650173,228540755.34336343,17214529.622167293,577125294.2741618,227143954.02351904,283592936.4564217,184342276.85666385,18580304.29001328,24420,I,06196,23633.30443383136,31.941465516341157,3.2194576246014885,49.13888531139334,-3.703929574615686,-14.861977842129864,6.488548761294685,Resto,-3.703929574615686,10.103157747664696,38.13310019498194,2.8723252529087806,1,3.6283522653757876,-7.332281839991474,-1.297687712049469
CORONEL SUAREZ,Interior,203,920562382.6388144,481915871.32603025,321574636.1972659,338509231.5049402,105729698.1527334,943313042.3555492,481479573.8796237,339359975.387325,320502769.5519263,109124570.29774147,42110,I,06203,22401.16462492399,33.97628943532871,11.568224480947094,35.975329519446525,2.4713870722720137,-0.0905339442766298,5.530703354088185,Resto,2.4713870722720137,10.648040521155973,36.772003493624766,11.485337674743633,1,2.518534400798881,-0.04714732852686743,-0.008342517551727682
DAIREAUX,Interior,231,543208118.7322366,335230093.9430186,149476876.10134497,301620046.54416883,26111957.091413666,555835315.3563894,339941957.23500115,154027462.0508815,301589758.2194773,26356199.214320704,18422,I,06231,30172.365397697828,54.25883348669643,4.741728077752974,27.710988811879012,2.3245596280156295,1.4055609496632602,3.0443410835340483,Resto,2.3245596280156295,9.821300881548181,55.5256882478309,4.806989474375847,1,0.8238305410741522,1.5007290869414773,0.26741506382327057
DOLORES,Interior,238,314399478.11772794,49159012.3579929,215059706.5156189,18285270.838817876,12415888.465788912,325904800.1612316,47493986.48159804,225392871.15287465,20591690.2246748,13861572.10482662,32032,I,06238,10174.350654384103,6.318314493830003,4.253258036693238,69.15911365569588,3.6594596506281207,-3.3870206021829063,4.804788774556118,Resto,3.6594596506281207,10.374490682114947,5.815935493369647,3.949080494700994,1,8.905375778274042,-5.245916127645922,-0.9514678797747669
ENSENADA,Interior,245,3987414707.5360065,2632983553.957962,611075684.8922739,157158.9203491453,2432120743.7317133,4101970900.0045705,2645255121.370802,676785785.7866638,991790.6771058976,2546770204.4820056,63997,I,06245,64096.299826625785,0.02417839378394402,62.08650101538185,16.499039176165528,2.8729440219011777,0.46607079616555086,10.753185328585584,Resto,2.8729440219011777,11.066591486243142,0.003941373844363947,60.99492834630748,1,5.239409109862681,-2.3664650879615037,-0.46535431854143117
ESCOBAR,Interior,252,3897113382.179907,1656117018.6342182,1582715442.5306785,2816553.2318371264,1056823004.3009996,3983024617.7013974,1588817533.8583236,1701727156.35595,2844916.8710755757,1126919316.8844206,256268,C,06252,15542.418943065062,0.07142604287285015,28.293054275290057,42.72449506822321,2.204483860139447,-4.0636913949109585,7.5194637410612595,Resto,2.204483860139447,12.453979050870206,0.07227280696312835,27.118097439337276,0,5.883784723999211,-3.6793008638597637,-0.6574027009080007
ESTEBAN ECHEVERRIA,AMBA,260,3521022309.6771746,1034102028.709546,1789817908.1653588,1488433.954054172,838765207.8760152,3726447980.5817976,1130829493.1754997,1859782608.0849037,1570097.3562177117,895531956.6437603,338480,C,06260,11009.35943211356,0.04213388632819658,24.0317847266432,49.90764979884523,5.834262121544397,9.353764114229593,3.909040109631141,Resto,5.834262121544397,12.732220285393948,0.04227277827701806,23.82163854999594,0,5.696533613405831,0.13772850813856585,0.024592423688920367
EXALTACION DE LA CRUZ,Interior,266,700869036.4933575,377269918.38689935,221186545.1393025,177973368.99467435,116113786.20621914,784152626.5573217,442136332.39235896,230061732.0669502,196062431.53125808,128189857.70994912,40159,I,06266,19526.19902281734,25.00309568457792,16.347564666427655,29.33889708142585,11.882903328224494,17.193635337482046,4.012534723600909,Agroindustrial,11.882903328224494,10.600601853657185,25.393241779537664,16.567115988911233,1,4.2809261169606545,7.601977211263839,1.3430038685888308
EZEIZA,AMBA,270,2475369799.069792,822764006.2801318,1207325963.9823363,5676543.426198793,542400415.8319583,2772436285.594946,848737948.2803771,1440029543.2012928,6180710.178282144,584320271.5268794,201511,C,06270,13758.237940335495,0.22293425498706476,21.076057710068827,51.940942725479886,12.00089322560158,3.1569127723122365,19.274295936731857,Resto,12.00089322560158,12.213599249449583,0.2293210262293721,21.911894377792947,0,6.543142462971078,5.457750762630502,0.9757692470319597
FLORENCIO VARELA,AMBA,274,4238860041.3269978,1052499413.442438,2258774352.731186,27606293.14612795,938522070.6305976,4478224745.093588,1132415204.2723303,2368234394.0472736,26405734.940166727,996286586.1892006,496433,C,06274,9020.803905247209,0.5896473813445218,22.24735565763526,52.883330534983706,5.646912175275684,7.592953479043737,4.845992747515247,Resto,5.646912175275684,13.115203808749236,0.6512669179208298,22.140907259980874,0,5.1384945770505714,0.508417598225113,0.09097687185355982
FLORENTINO AMEGHINO,Interior,277,273329398.8733676,171511067.23275235,71511704.56562752,150415425.8190291,15616225.87156446,265795536.43160772,155089252.70875892,79889929.67535628,132602553.67907436,16627464.851944266,10790,I,06277,24633.506620167536,49.8889317177057,6.255735169662153,30.0569116953222,-2.7563308128630144,-9.57478417512725,11.715879464235016,Resto,-2.7563308128630144,9.28637505825218,55.03082597006549,5.713335607487797,1,1.6332582354993281,-4.3895890483623425,-0.7817890685177378
GENERAL ALVARADO,Interior,280,643490913.0093185,275365581.91966015,280373405.71640074,233695616.1217403,16442442.461380117,605148372.4235907,228406572.68402627,288270253.8447821,176973809.80184847,18175781.55532554,45526,I,06280,13292.36858989568,29.24469731168188,3.0035248186378483,47.63629334245308,-5.958520906910238,-17.053332848741604,2.8165467791795766,Resto,-5.958520906910238,10.726038870307335,36.31684789904036,2.5551941960588356,1,3.063204202331505,-9.021725109241743,-1.6034863603640745
GENERAL ALVEAR,Interior,287,223891958.87607008,118990467.10227063,76598594.96633628,107008985.85259698,7231421.790636276,237485851.1076779,127627226.56489174,79077901.63000466,114629633.25143774,8750704.40338034,12631,I,06287,18801.824963001975,48.26798426802436,3.6847266321616368,33.29794228210679,6.071630397022173,7.258362516719877,3.2367521424616084,Resto,6.071630397022173,9.443909388773974,47.794921438795036,3.229871151665189,1,2.8498621612288764,3.221768235793297,0.5711231525685873
GENERAL ARENALES,Interior,294,412108663.1395392,237978770.8498761,127882499.21179718,207149259.2674207,24797410.40960419,416111784.30851793,231577262.6055532,136014658.91404548,198619667.92247805,26649444.222843103,16350,I,06294,25450.26203721822,47.73228622989812,6.404395460015234,32.68704805850922,0.9713751558829136,-2.6899492847457314,6.35908724991364,Resto,0.9713751558829136,9.701983176325399,50.26568907562139,6.017201924534121,1,1.8542067625762573,-0.8828316066933436,-0.15664399287844044
GENERAL BELGRANO,Interior,301,307515331.6396773,115660461.01234911,149927756.18191132,89470075.97224978,19240401.90956185,319659173.8160688,117909930.83930628,157311018.32882524,88091010.18021704,21198819.60072597,20791,I,06301,15374.88210360583,27.557791984691924,6.631694422423717,49.21210814970748,3.949020073776601,1.94489093962454,4.924546551577554,Resto,3.949020073776601,9.942275479743389,29.09450904291299,6.256729317192636,1,5.250141078342481,-1.3011210045658803,-0.2302195680080756
GENERAL GUIDO,Interior,308,84797194.44452159,51898222.67311441,24178536.438128,48190039.00281767,483431.6079899877,90109431.28521591,54489452.93579321,26051103.06705056,48635351.32082851,987100.1429796264,3174,I,06308,28389.864929179555,53.97365251023177,1.0954459804049146,28.910517684428797,6.26463749831941,4.9929075201667255,7.744747634805744,Resto,6.26463749831941,8.062747901086354,56.82975635985918,0.5701033048991638,1,3.4307278833255217,2.8339096149938885,0.511108231255591
GENERAL JUAN MADARIAGA,Interior,315,363450633.8463162,140719499.63196883,176968388.06404078,94493547.52400091,9907202.268492898,388788031.52654266,141387722.98709556,199105123.2223628,89197342.2557848,11472254.294329252,22624,I,06315,17184.76094088325,22.94240949382087,2.9507735228588277,51.21174189457266,6.971345024793731,0.47486194654925473,12.508864097417932,Resto,6.971345024793731,10.0267665686963,25.99900474075309,2.725872882280382,1,5.905308663692723,1.0660363611010082,0.18945523872001307
GENERAL LA MADRID,Interior,322,306426593.4526748,187129308.4420406,87884464.98647743,179909970.5186157,1681471.0900577845,338028317.64821774,208049815.79219228,94868389.72686432,198383873.05608216,2221721.974035756,11618,I,06322,29095.224448977253,58.68853663986164,0.6572591283159529,28.06521962032565,10.312983556508312,11.179706441672325,7.946711334547565,Resto,10.312983556508312,9.360310898552477,58.712257474611576,0.5487353663113037,1,1.2053011923284558,9.107682364179857,1.6249961977529748
GENERAL LAS HERAS,Interior,329,327676640.70442766,174775088.8244322,97903414.14926764,52752818.73902135,98823746.17924562,341694841.5216895,177486444.90658906,106818469.08439276,52897179.25854581,101381619.13068315,18022,I,06329,18959.873572394263,15.48082465131043,29.67022231860291,31.261364265463268,4.278059243748954,1.55134012541142,9.105969401161904,Resto,4.278059243748954,9.799348512794982,16.099047715337658,30.158923128239422,1,6.221874049487,-1.9438148057380458,-0.35114268538666654
GENERAL LAVALLE,Interior,336,117491438.13686262,47888500.22057886,57286955.78057493,28622575.786853917,1381189.8887509468,115053299.92283028,45902122.95721118,56572633.17988585,30964682.966284607,1800334.3178818056,4870,I,06336,23624.907581689997,26.913337546209934,1.5647828607170278,49.17080450350474,-2.075162456682346,-4.14792122162573,-1.2469201600188684,Resto,-2.075162456682346,8.490849216076635,24.361414108755948,1.175566416288169,1,8.53646947747266,-10.611631934155007,-1.9336637839746418
GENERAL PAZ,Interior,343,193520537.35259897,84531762.27193886,79936771.11769646,54707449.810160205,18044038.040869422,209071642.95176983,92871328.19609538,84714370.284160465,56652363.982804775,20570537.43816747,14207,I,06343,14716.100721599903,27.09710565381349,9.838989710772411,40.51930194268525,8.035894180490232,9.865600455989686,5.976722726803175,Resto,8.035894180490232,9.561490079872078,28.269583455363165,9.324094634975491,1,5.753664320123535,2.2822298603666966,0.4046022903245856
GENERAL PINTO,Interior,351,414738301.41531974,276229232.2806946,98050267.12945025,252718808.16182235,9040830.327034568,394439001.0316001,251753551.83460957,101965184.91117091,228881476.75591975,8912658.564610103,12941,I,06351,30479.792985982545,58.02709066733063,2.2595784243698747,25.85068531369749,-4.894484139624198,-8.860640940859472,3.992766053918092,Resto,-4.894484139624198,9.46815584482167,60.934523601848205,2.1798879669859725,1,0.5476629905069386,-5.442147130131136,-0.9732113861559685
GENERAL PUEYRREDON,Interior,357,9282622901.519705,2753338453.533648,5008469341.270279,285731765.0624377,1673345706.211028,9832138866.187073,2862679310.599214,5358857906.59115,275427673.98144424,1747426192.2277231,667082,I,06357,14739.025886153537,2.8012996737530393,17.772594712195914,54.5034806721493,5.9198350562900055,3.9712101839582226,6.995921137694409,Resto,5.9198350562900055,13.410668255872174,3.0781360838827045,18.026647467679382,1,4.053569305469818,1.8662657508201872,0.3463806936567591
GENERAL RODRIGUEZ,Interior,364,1700738708.1270528,667473441.9148442,711179841.3906258,79663479.10134256,451382570.4193893,1874933709.800001,761550969.6190567,769521779.4628001,86170164.98675847,476169900.3581805,142709,C,06364,13138.160240769685,4.5959046197932105,25.39662591105547,41.04261262361564,10.242314168575668,14.0945724273798,8.203542153007843,Resto,10.242314168575668,11.868562870852452,4.684051625371212,26.540383203042207,0,5.955437692017964,4.286876476557704,0.7687444535932448
GENERAL SAN MARTIN,AMBA,371,6377640418.984346,2146795412.8350155,3060508645.558574,0,1941846136.950837,6718900268.018527,2247016456.466915,3233474870.8810477,0,2056807572.0598168,450518,C,06371,14913.72213323003,0,30.612265251950085,48.1250612733776,5.350879425850839,4.668402169704176,5.651551599878112,Resto,5.350879425850839,13.01815331083721,0,30.447720620474872,0,4.85852021585788,0.49235920999295846,0.0881122489564301
GENERAL VIAMONTE,Interior,385,455719122.3479539,267183614.8595319,136169481.93685082,235539168.79673865,17591864.191721857,438303841.0490127,241903033.8766691,143123240.86071813,210064932.13837212,18469498.609590776,22649,I,06385,19352.01735392347,47.92678330986424,4.213857347311143,32.65388697442731,-3.8214945225941506,-9.461875495678774,5.106694117476448,Resto,-3.8214945225941506,10.02787097982616,51.68516247095247,3.8602427085098245,1,1.266220893030301,-5.0877154156244515,-0.904588289824628
GENERAL VILLEGAS,Interior,392,1107716783.9329238,724048567.8065506,272078947.44853073,670454621.592727,34814735.673686445,1128981491.8685665,716704497.9001255,294220551.3552941,657913727.8005444,38050358.59523174,35251,I,06392,32026.935175415343,58.27497904430991,3.3703261629431114,26.060706351202672,1.9196881589301744,-1.0143062541610175,8.137933535247855,Resto,1.9196881589301744,10.470249176632354,60.52581592311825,3.142927522509635,1,-0.9034086930460299,2.8230968519762043,0.5094147838055343
GUAMINI,Interior,399,473824633.41225225,261384391.1819077,167744579.945999,254867183.45947397,3226167.347127524,532295673.0159539,302877705.99389356,179142752.73824206,286926827.0670975,3372605.2800724753,11801,I,06399,45105.980257262425,53.903655733549,0.6335962231222931,33.654745251493495,12.34022789879495,15.87444247315786,6.79495742629205,Resto,12.34022789879495,9.375939552625749,53.7893485241672,0.6808779281681182,1,2.0487031046633675,10.291524794131583,1.8301526584903385
HIPOLITO YRIGOYEN,Interior,406,307779991.69421375,193381636.83050385,82995881.2955194,182385483.7054099,2833542.1945241457,303336850.6583486,190246521.3691787,80726517.72752799,176077215.4661262,3199815.349884271,10661,I,06406,28452.945376451426,58.04676058447108,1.054871949431642,26.612829121263307,-1.4436094469323033,-1.62120639410709,-2.734308657933269,Resto,-1.4436094469323033,9.274347501950475,59.25839516124685,0.920638855997934,1,1.20957236252746,-2.6531818094597632,-0.47358856445103154
HURLINGHAM,AMBA,408,2290239390.615209,706998697.2693846,1146318019.361154,5571.607597317235,630163925.5240428,2414916754.559638,759360426.3443053,1194103598.9720578,5341.734741822335,669036052.2558808,185641,C,06408,13008.53127573994,2.211974690943914e-4,27.704311173155947,49.446988046998065,5.443857286505661,7.406198805903809,4.1686145383577555,Resto,5.443857286505661,12.131569980110696,2.4327621034500577e-4,27.51519898340264,0,6.341089382681394,-0.8972320961757326,-0.16063872676090338
ITUZAINGO,AMBA,410,2194659968.9803786,598788639.5811365,1199650803.3231568,16714.82279195171,482478633.6545103,2354717275.4987407,675294919.573472,1259874476.2093017,16025.204225467009,509202772.5409642,180232,C,06410,13064.923407046144,6.80557466164289e-4,21.62479452795931,53.50427795805992,7.29303440080166,12.776842267056551,5.020100242447142,Resto,7.29303440080166,12.102000188856978,7.616133263558491e-4,21.98420896512119,0,6.741829197865418,0.5512052029362419,0.09862114043601287
JOSE C PAZ,AMBA,412,3228062995.4743533,1024181132.2580862,1526768927.0020168,200577.87350342047,908291063.1701952,3469387334.4336967,1112016949.752992,1635329047.594442,192302.45070560407,986518525.1304368,326992,C,06412,10610.006772134171,0.00554283601594439,28.434949172127094,47.135960616555785,7.475824954397508,8.576199534280398,7.110448652213218,Resto,7.475824954397508,12.697690984748318,0.0062135675104427815,28.137340084242215,0,5.474185377682945,2.0016395767145627,0.3576181301320465
JUNIN,Interior,413,1646216777.220822,586911858.2206464,825479327.353213,289781337.2404533,212321295.39517415,1716138231.7664094,593342388.3473518,878765721.8277231,281252472.4890098,214885153.81219763,103787,I,06413,16535.194501877973,16.388684039718555,12.521436201034795,51.205998768713144,4.2474026211560165,1.0956551714938914,6.455206412662781,Resto,4.2474026211560165,11.550096001022851,17.602866235494712,12.897529555835254,1,4.5178024361583695,-0.2703998150023531,-0.04815697128726722
LA COSTA,Interior,420,1040358186.9686214,264142680.13347337,611572817.075319,320522.94457030063,37401944.9531373,1146017690.3124745,288539873.9371886,679837209.8477073,354129.5188063138,42829399.06573803,100689,I,06420,11381.75660014971,0.0309008771679394,3.737237167260492,59.32170293657005,10.156069771673716,9.236369446765348,11.16210381927113,Resto,10.156069771673716,11.519791837387507,0.0308089029898669,3.5951026696025217,1,8.285955299707613,1.8701144719661023,0.34314857866178655
LA MATANZA,AMBA,427,18191369230.548576,5136050382.895181,9232924764.553411,2983800.63299778,4847013441.457022,18812000795.189453,5422626606.391589,9390682827.781126,3079867.4953792067,5118462311.261929,1841247,C,06427,10216.989244348775,0.01637182311924407,27.208495082409343,49.91857554132404,3.411681423070984,5.579700394894998,1.708646688353506,Resto,3.411681423070984,14.425953617429748,0.01640228723403137,26.644577326908863,0,3.048491521222731,0.36318990184825306,0.06628320630188717
LA PLATA,Interior,441,8099973355.086713,1367047414.5545895,5332911902.614728,90138933.78928918,924725841.7592968,8477417474.203256,1421964392.395336,5581820920.477389,88047155.40229973,971031210.3464243,768547,I,06441,11030.447681408235,1.0386082279211426,11.454328081650669,65.84341207051375,4.659819268164767,4.017196276885496,4.667412895769405,Resto,4.659819268164767,13.552256998190902,1.1128300037268974,11.416405970997138,1,4.623800445456624,0.03601882270814383,0.006798267622952055
LANUS,AMBA,434,6051940354.647596,1740289523.7933052,3203638758.181203,0,1522405154.185102,6330226080.282104,1821251175.7572708,3343248348.7686944,0,1600391188.992154,461267,C,06434,13723.561582081751,0,25.281738261721507,52.814043390685725,4.5982892977588135,4.6521944111629034,4.357844349053632,Resto,4.5982892977588135,13.041732330026258,0,25.15565364116599,0,5.166390146272105,-0.5681008485132916,-0.10153410636325849
LAPRIDA,Interior,448,227620893.58183217,96061553.65031262,105091860.50126795,84777015.27885237,4240218.706916923,231931369.55164573,94885873.87302102,109278126.73585878,82689765.78033611,4558378.309606761,11646,I,06448,19915.109870483066,35.652687232514715,1.9653996431869971,47.1165789031074,1.8937083946838664,-1.2238817014883558,3.98343526760602,Resto,1.8937083946838664,9.362718052397065,37.244830184437404,1.8628424834790127,1,4.93129985729491,-3.0375914626110436,-0.5390687066324021
LAS FLORES,Interior,455,390600504.7174112,151719524.3373692,181421500.26428175,93803148.48945738,36427696.20913763,445846117.98156285,186334592.92039052,192845107.88598785,100430547.16718324,58426262.6472702,27239,I,06455,16367.932669391786,22.525831921976355,13.10458032286519,43.25373713222789,14.143763921687793,22.815170779239956,6.296722056131687,Resto,14.143763921687793,10.212405048870064,24.015111951102416,9.326075048339243,1,5.560236295888171,8.583527625799622,1.5184440209995036
LEANDRO N ALEM,Interior,462,399096489.35725176,233058893.5232024,118198072.06778143,201086162.0945176,25072829.641546156,387761990.02937263,215007727.7112176,123856968.18263385,175119296.5101735,27369668.516313523,17266,I,06462,22458.125218891037,45.16154265066268,7.058368076314106,31.941492814510205,-2.840039847539986,-7.745323741609416,4.787638254883931,Resto,-2.840039847539986,9.756494528795468,50.3853497730257,6.282397943897266,1,1.7362963053393314,-4.576336152879318,-0.8121481250536321
LEZAMA,Interior,466,110759445.27369216,45904483.60065184,51845442.8117522,40121679.085020274,2048369.2365033384,110190194.86779036,43940122.485297695,52786736.87702315,37371792.256148726,2228537.094773829,6221,I,06466,17712.61772509088,33.91571482470702,2.022445914945243,47.90511255593869,-0.5139520196179731,-4.279235842065435,1.815577250808209,Resto,-0.5139520196179731,8.73568594451502,36.22416037375195,1.8493856044888226,1,6.027967899749233,-6.5419199193672055,-1.1706279213806825
LINCOLN,Interior,469,1034090652.2765496,568722621.9351811,342215136.9552109,467725908.5366322,76536275.33098076,1030660601.0880368,555506262.0741711,346675362.000823,451065125.0901873,79336815.900965,45506,I,06469,22648.89467516452,43.76466167562937,7.69766650798639,33.63622919463969,-0.3316973401666042,-2.32386744456182,1.3033394972811652,Resto,-0.3316973401666042,10.725599464377073,45.23064854197589,7.401311979997713,1,1.166557088026834,-1.4982544281934382,-0.2667143441048131
LOBERIA,Interior,476,711010984.7138135,493981206.39878654,151900467.39514878,463144741.697756,6477768.927810687,660481024.31396,443900707.7571813,151729247.16753104,412687472.5164641,7810417.68496314,18243,I,06476,36204.62776483911,62.48286586963214,1.1825347583718702,22.972536921122277,-7.106776334853986,-10.138138454031736,-0.11271869702173733,Resto,-7.106776334853986,9.811536723788219,65.13890103739743,0.9110645358619923,1,-0.6181160138972643,-6.488660320956722,-1.1683528519827875
LOBOS,Interior,483,597600186.5993614,247163130.22549036,257367184.7771969,134472614.60596088,79827752.48950891,618497597.5538504,251366909.28403372,269332227.72226405,133972340.41270676,83443228.92874964,41760,I,06483,14810.766224948526,21.660931415508408,13.491277776787893,43.54620434864571,3.496888291385169,1.7008115468954403,4.6490165229981795,Resto,3.496888291385169,10.639694222556521,22.502103851602875,13.358053474475641,1,4.945176360740824,-1.4482880693556544,-0.25594132446428364
LOMAS DE ZAMORA,AMBA,490,8060476423.455387,2318217672.506914,4184401522.9919176,390421.88800978696,2079348484.3490317,8318515571.996389,2288413564.3722105,4422238590.829903,380007.92277824593,2061019998.444676,690480,C,06490,12047.438842539088,0.00456821796496374,24.776295489341074,53.16139102650732,3.2012890427931473,-1.2856475251728003,5.683896885400412,Resto,3.2012890427931473,13.445142286893539,0.004843657713254868,25.796843450819882,0,4.535745343948504,-1.3344563011553565,-0.23927963797178223
LUJAN,Interior,497,1838661531.0071356,777703855.8705281,756398595.9042914,58367137.40819548,491830097.4804878,1990159009.6004388,869686337.487675,798346309.5257146,56613296.42359717,513641437.3829368,111251,I,06497,17888.908950035853,2.8446619667321627,25.809065250824347,40.114699663420225,8.239552306852243,11.82744317426402,5.5457154268344215,Resto,8.239552306852243,11.619544188752133,3.1744362093780576,26.749354853314713,1,6.084429939681717,2.1551223671705255,0.38551609186959684
MAGDALENA,Interior,505,337165488.4270592,148910189.52258328,125080470.68267211,42431833.765998445,91220514.92536262,350743939.6020436,149002726.20148054,136307749.47983474,42941326.88085298,89626920.6222486,26613,I,06505,13179.42132048411,12.242927683818142,25.55337683779794,38.862467483968615,4.027236369395486,0.06214261038411195,8.976044570255988,Resto,4.027236369395486,10.189155097188696,12.584868624588768,27.055116272701454,1,6.478556883320769,-2.4513205139252827,-0.43891266449991023
MAIPU,Interior,511,183434410.65344816,71360479.06794219,88938768.97963306,58444194.15904924,3999505.7155025536,197132964.3170848,81851758.40077445,90278329.0625417,60585654.58788816,5094868.589907206,11323,I,06511,17409.95887283271,30.733396009019188,2.584483324520095,45.795653393275536,7.467821121913977,14.701806195616392,1.5061599101010594,Resto,7.467821121913977,9.33459133431404,31.861085360622123,2.180346479842642,1,5.908409643028681,1.5594114788852966,0.2774771588192238
MALVINAS ARGENTINAS,AMBA,515,4725245084.892361,1732670742.552493,2094767696.310639,136504.3861342722,1536096433.5206203,5110992651.663447,1878498685.345435,2271955416.5765305,130872.50117464716,1659399083.7580185,350674,C,06515,14574.769306146014,0.00256060828285583,32.46725630133596,44.45233189363106,8.163546225452006,8.416367819434312,8.458585674104082,Resto,8.163546225452006,12.767612295940546,0.0028888318739425075,32.50829122984236,0,5.090121055736841,3.0734251697151644,0.5506305541443606
MAR CHIQUITA,Interior,518,501260839.1354401,243396171.88114455,191424655.70670745,128381603.5224092,26857460.965371978,546712747.4844981,272599112.80084145,202853638.92746505,133810273.08748046,25819101.30673871,33110,I,06518,16512.012911038906,24.47542584349098,4.722608248213712,37.104245302642575,9.067516310959409,11.998110197870028,5.970486496926825,Resto,9.067516310959409,10.407590630541291,25.61173614596305,5.3579810885875165,1,5.248515999889768,3.819000311069641,0.6768608746089594
MARCOS PAZ,Interior,525,782638838.9388556,327394129.2735075,307243718.5688743,37553212.82588821,138145066.23157814,791115742.9366219,317875459.5489617,320499470.78500617,38112573.80541649,147140522.37029755,67011,C,06525,11805.759396765035,4.817572415376618,18.599114438566456,40.51233636121461,1.0831182374311636,-2.907403912729849,4.314409511080158,Resto,1.0831182374311636,11.112612064001667,4.79828127068226,17.651189713365458,0,7.612482814869853,-6.52936457743869,-1.1813887311656786
MERCEDES,Interior,532,940689009.7160592,319224339.1964358,456819655.23112017,70390929.56715631,203490845.41579548,982166648.5909604,333204571.01581985,475670830.18627936,74807436.63345976,212543112.6783339,72980,I,06532,13458.024782008226,7.616572680489639,21.64022907754538,48.43076588567613,4.409282817859319,4.3794379384027025,4.126612053420021,Resto,4.409282817859319,11.197940709990439,7.482911869928549,21.632106181108448,1,6.264666228507139,-1.8553834106478195,-0.330232382179909
MERLO,AMBA,539,5890244876.955216,1736174735.071811,2936601121.5099154,5246207.445095017,1577954506.3989758,6194615929.858339,1840730529.331457,3068960162.9282675,5190073.202708551,1680841553.3173058,582486,C,06539,10634.78938525276,0.08378361566682697,27.13391067903937,49.542379990593695,5.167375198507168,6.022193051629757,4.50721892220408,Resto,5.167375198507168,13.2750604297984,0.08906603298650775,26.789285324494887,0,4.704635600081455,0.4627395984257129,0.08283997721734775
MONTE,Interior,547,444207753.01410365,237966061.09640503,138060457.31821772,121058593.2523063,88702067.76891144,462940442.6073621,244287326.36167827,146286320.6990521,119517323.25871097,94499327.03200737,24868,I,06547,18615.90970755035,25.81699766509237,20.41284760082107,31.59938239034416,4.217100999735067,2.6563726088286037,5.958160316588296,Agroindustrial,4.217100999735067,10.121337115389228,27.25269706142717,19.9685996399291,1,4.429477507907286,-0.21237650817221987,-0.03763445618545799
MONTE HERMOSO,Interior,553,147470098.45167658,69799111.64427443,61613289.74500524,1297574.849690147,2758532.736993582,167746139.2784372,82330848.44201404,67871760.31834483,1409268.6258695582,2517779.815360153,8465,I,06553,19816.43700867539,0.8401198572626175,1.5009465053505402,40.46099696261049,13.749255638697992,17.954006150689427,10.157663386001785,Resto,13.749255638697992,9.043695294567236,0.8798901359080193,1.8705708926460818,1,11.85765081142991,1.8916048272680825,0.35626791023289306
MORENO,AMBA,560,5175038801.813158,1432949989.2462518,2645622637.333988,3373096.06637892,1228731626.6611748,5485668596.995766,1508623713.4880233,2817478863.997597,3439909.3779185116,1313162385.1131656,576632,C,06560,9513.292007720289,0.06270720363607789,23.938055350852235,51.36071955824297,6.002463113392957,5.280974549682415,6.495870735245511,Resto,6.002463113392957,13.2649595603919,0.06518011160026668,23.743428285613412,0,4.920596803612959,1.0818663097799983,0.19371111206315025
MORON,AMBA,568,4496805806.409235,1234404494.9948213,2486848371.126346,30721.604799795088,978939700.1421309,4763104726.032835,1324053763.386066,2621887187.772952,28729.832593765783,1019255472.0772152,331183,C,06568,14382.093060431347,6.031744890416195e-4,21.398972533743716,55.0457598264212,5.921957297867919,7.262552004205134,5.430118627837532,Resto,5.921957297867919,12.710426371673474,6.831872694170607e-4,21.769668121911373,0,5.86841504330474,0.05354225456317907,0.009564543996744206
NAVARRO,Interior,574,391693718.0534847,224816178.3083015,109466126.89589275,123367727.22349729,69428609.1025022,395835261.5373361,221963664.18870023,113804136.31701984,122194182.06104983,71682595.87275222,19899,I,06574,19892.218781714462,30.869958776910075,18.10919916390292,28.750378598164776,1.057342329724552,-1.2688206609799613,3.962878329707165,Agroindustrial,1.057342329724552,9.898424758193666,31.495967777214076,17.725229152902042,1,4.1456733127493965,-3.0883309830248447,-0.547111344003571
NECOCHEA,Interior,581,1760996907.887633,636775612.4559253,897629508.7169118,419354179.57314986,94994845.32547244,1611458579.0517242,487638126.34934235,899476929.1267816,255115135.4051674,102129081.25121106,102110,I,06581,15781.594153870572,15.831318205851243,6.337679576679517,55.81756433702975,-8.491686053854828,-23.420728305122648,0.205811015784288,Resto,-8.491686053854828,11.533805942549584,23.813453487330502,5.394378882778478,1,3.923269550194485,-12.414955604049313,-2.224171804572291
9 DE JULIO,Interior,588,1180868603.531329,637221318.6493583,400181268.4906994,505041096.95760554,96981071.90647095,1173534662.7326963,605430130.1770214,419819541.76981235,468531433.94778454,99901386.57297088,52607,I,06588,22307.576230020648,39.92480570252275,8.512862018096698,35.77393622036006,-0.6210632391021829,-4.989034036042746,4.907344452472629,Resto,-0.6210632391021829,10.870604469719373,42.768610787627445,8.212689508083615,1,1.3400869843015055,-1.9611502234036884,-0.34908781613269174
OLAVARRIA,Interior,595,2726244731.587235,1362429960.819921,933488604.7481452,274673174.96094155,805039294.4116505,2948300007.972114,1468395668.259687,1023133901.688796,280977775.8440498,845428301.4480884,125751,I,06595,23445.539263879524,9.530162299775952,28.67511105254132,34.702503100847025,8.145096946435814,7.777699440490499,9.603255624618669,Resto,8.145096946435814,11.742059040216649,10.075147391519224,29.529237969144177,1,4.4998033318634825,3.6452936145723314,0.6526655453007898
PATAGONES,Interior,602,514464813.06532633,194861314.74058205,250307445.2492406,154942028.00629532,12718370.66861435,520303392.1192149,183571066.18472928,264773540.3925588,136987773.84978306,13382167.057876486,37646,I,06602,13820.947567316976,26.328441429494973,2.5719930449368062,50.888297943652915,1.1348840398045223,-5.79399177865726,5.779330746200433,Resto,1.1348840398045223,10.535981985884124,30.117128338303072,2.472155596577094,1,4.447359290257749,-3.312475250453226,-0.5881245627687084
PEHUAJO,Interior,609,984241154.1785116,528437825.87700903,346078249.20938796,451707110.81398785,33660076.359501705,1067104185.6639992,569545045.1544418,378135174.0314069,481471633.09359306,37641613.00936769,44783,I,06609,23828.33185950024,45.1194587709353,3.527454349356283,35.43563778602503,8.418976501205995,7.779007721336034,9.262912331316,Resto,8.418976501205995,10.70958388210257,45.89394671176916,3.419901333794135,1,1.329545463899752,7.089431037306243,1.2640029633452003
PELLEGRINI,Interior,616,210029097.36721975,136704236.9038403,52111211.771348536,127978108.03864972,2830579.3117324044,236976315.7752381,153810742.3577271,59247631.97998817,143473398.9337625,3102873.7262826096,7143,I,06616,33176.02068811957,60.54334943321546,1.3093602692454518,25.00149932121572,12.83023102313448,12.5135151925977,13.694596548536486,Resto,12.83023102313448,8.873888135154973,60.933513328817405,1.347708173398162,1,1.468317575222514,11.361913447911967,2.033460018167439
PERGAMINO,Interior,623,1988973457.571099,871495997.6901302,817041167.3935437,422596259.32470423,367863728.0669187,2125753763.439747,937469508.8466328,860761410.4718103,439581220.5715757,421734033.52213776,115340,I,06623,18430.325675739095,20.678840048730567,19.839270228538464,40.49205628967044,6.876929671835948,7.570145053030992,5.351045311185393,Resto,6.876929671835948,11.655639567169404,21.246953181606138,18.49515521017297,1,3.3543546841718346,3.5225749876641137,0.6272198004247902
PILA,Interior,630,119155487.03729354,82804793.78266373,23635057.21572908,76023233.71911736,1497156.9840063318,121488011.44213057,82639635.18165149,25453209.18441247,77241439.39149095,808275.993201679,4642,I,06630,26171.48027620219,63.579474612014735,0.6653133783383162,20.951210643971088,1.9575467843180303,-0.19945536178223408,7.692606588967392,Resto,1.9575467843180303,8.442900586834382,63.8017061650912,1.2564733871951264,1,1.5931097000263938,0.36443708429163635,0.06560065693642193
PILAR,Interior,638,6085754926.750498,2861026050.419959,2246602240.9216332,15136754.604802473,1446088559.5809088,6543340723.496162,3059063685.464176,2438853884.1303296,14934821.558345012,1551116021.9687574,394754,C,06638,16575.74267390872,0.2282445953749022,23.70526138733584,37.272304579414126,7.518965227046919,6.921909537144827,8.55744019599251,Resto,7.518965227046919,12.886018065062117,0.24872435362566886,23.761859900478296,0,5.439423585201796,2.0795416418451227,0.37146569448898387
PINAMAR,Interior,644,484432632.8650128,90589806.95073149,323061577.2432918,0,20046945.221709788,546228028.4693415,135505833.03298622,332574783.64085454,0,23690350.779687036,39449,I,06644,13846.435358801022,0,4.3370807693762865,60.88570456056726,12.756241304154251,49.58176597802329,2.944703755469664,Resto,12.756241304154251,10.582763977410282,0,4.138231791518444,1,9.622825682080933,3.1334156220733176,0.5734757824060263
PRESIDENTE PERON,Interior,648,914989659.1460778,283227247.3935503,450880335.6533047,3506165.243351628,144316464.95657402,923288485.8865832,265894388.6622024,468648541.1411165,3596061.4996592076,152422889.50910878,102106,C,06648,9042.450844089311,0.3894840620920456,16.508696018530483,50.75862509983529,0.9069858503374268,-6.119770922768428,3.940780753293775,Resto,0.9069858503374268,11.533766768341877,0.3831917889240178,15.772469504328459,0,7.904298871175073,-6.997313020837646,-1.262406828625089
PUAN,Interior,651,381093814.43888134,184999233.3432942,152691226.1176154,143869582.04210955,23121179.936105717,357332740.26039547,159161007.05730528,154756297.94519436,115824408.74071483,24179426.809817724,16613,I,06651,21509.224117281377,32.41360101968582,6.766641867800217,43.308737350073315,-6.2349671598505045,-13.966666682365204,1.352449567723212,Resto,-6.2349671598505045,9.71794080038648,37.75174946199052,6.067057259942439,1,4.051283256803754,-10.286250416654259,-1.8181719013007787
PUNTA INDIO,Interior,655,142746610.8682501,48014570.041026816,71689932.72407691,25474952.017197832,11676902.733152224,156520391.13230276,57033392.30004407,74368667.11945967,26589914.251870017,14302285.693860872,12297,I,06655,12728.339524461477,16.9881470775231,9.137650110886517,47.513724302284494,9.649111933568324,18.783511445194605,3.736555878344568,Resto,9.649111933568324,9.417110609172447,17.846274501543355,8.18016109953712,1,7.890296940309115,1.7588149932592092,0.3152953053349911
QUILMES,AMBA,658,7297989253.567154,1988199809.6401165,3923989572.0078554,29974.9900077174,1700649671.0376656,7631098112.044876,2099138963.2741897,4073364965.7565513,29136.914284576724,1792364642.870087,633391,C,06658,12048.005279590136,3.818181060807907e-4,23.487637251590694,53.378490303082046,4.56439228538057,5.579879501857215,3.806722495245123,Resto,4.56439228538057,13.358843203955098,4.107294347284226e-4,23.302989521482402,0,4.823674283684482,-0.2592819983039122,-0.0464730705635223
RAMALLO,Interior,665,697447466.3771745,336926300.5926954,242738421.7927061,104925326.2628466,205836093.5464411,778147604.6552994,386598439.31863606,260784359.85682812,131738857.12867294,234069412.22062725,39730,I,06665,19585.894907004767,16.929803078559893,30.08033576410151,33.51348231321091,11.570783774914869,14.742731166596718,7.434314654782135,Resto,11.570783774914869,10.589861848808644,15.04419061235843,29.512773860322042,1,5.2982464331383365,6.272537341776532,1.1215705323118303
RAUCH,Interior,672,268518662.7512748,113818562.75520644,118950938.215979,88150047.67027885,15436767.724295296,271782036.9612925,108886247.80613647,125539375.28748228,83292292.21992098,16390923.624004817,16635,I,06672,16337.96434994244,30.64672454117472,6.030907637335586,46.19119669978842,1.2153249150657734,-4.3334890457877675,5.538785292757131,Resto,1.2153249150657734,9.719264188452577,32.82827598167024,5.748862133502491,1,4.944772600479899,-3.729447685414126,-0.6598419031126315
RIVADAVIA,Interior,679,619619994.1750959,393487530.06940746,163347833.8911879,356205889.61044884,19412557.844048407,731654193.8666643,484862983.2128842,172254061.06203577,445850836.5598923,21315047.67211216,19849,I,06679,36861.01032125872,60.93737182092113,2.9132680234450468,23.54309761442126,18.08111435150188,23.221943812897692,5.452308095362093,Resto,18.08111435150188,9.895908907012577,57.487797837232165,3.132977958513503,1,0.4746468641764743,17.606467487325407,3.1440596492217545
ROJAS,Interior,686,789747692.9271535,466744286.5470888,222243263.03604904,291241534.9134811,148957486.279267,794004098.4371612,458141530.6694323,231830253.0813004,272768068.8248212,151581035.03511477,25627,I,06686,30983.107598905888,34.35348373663445,19.090711916156582,29.197614160633684,0.53895763775284,-1.8431411215118552,4.313737079938517,Agroindustrial,0.53895763775284,10.15140176217555,36.87779496183287,18.861401889908006,1,2.746977664605204,-2.208020026852364,-0.3918173250910105
ROQUE PEREZ,Interior,693,370226516.4422611,232153257.33033597,93552220.97374427,188029462.53340387,38401578.36188256,386363559.566608,240924285.49902984,98074871.5423583,194379714.9720058,39658925.53972844,13977,I,06693,27642.810300250985,50.31005387517538,10.264665121165846,25.38408944476309,4.358694584984842,3.7781197944654945,4.834359378686816,Resto,4.358694584984842,9.545168400484906,50.78768110407027,10.372454877329538,1,1.7084777773617303,2.6502168076231114,0.47142719101363345
SAAVEDRA,Interior,700,423100021.1515999,179313029.07394612,189216252.37121373,113610750.2806071,39549732.12847325,425750434.0026941,174528027.85353503,194055354.84850076,105746031.5184102,43885955.43951829,22347,I,06700,19051.793708448295,24.837562823891577,10.307906213253698,45.57960235626508,0.6264270192850034,-2.668518425639794,2.557445471329511,Resto,0.6264270192850034,10.014447362844386,26.851984070192124,9.34760816622656,1,5.343459661363577,-4.717032642078574,-0.833989301956242
SALADILLO,Interior,707,599530554.5644403,276206474.79215497,237353832.33596665,179370359.65105996,73202955.53072849,630876820.2148442,287728730.4240473,250548310.06655827,178242387.41183972,84659175.87797658,35656,I,06707,17693.426638289326,28.253120371602733,13.419287754009732,39.71429953334383,5.228468409450304,4.171609532529173,5.558990811623076,Agroindustrial,5.228468409450304,10.481672714626391,29.91846842257652,12.210045838933187,1,3.932077461400851,1.2963909480494533,0.22884611070236877
SALLIQUELO,Interior,721,219050413.21956488,117466776.3487142,74342404.50791863,90026552.16657397,21164590.413821664,237148335.10697857,129678873.90869966,77787561.49956387,100836935.47227824,22087680.930163767,9427,I,06721,25156.28886252027,42.52061707571774,9.313867171026068,32.80122606151698,8.261989384732768,10.396214095236925,4.634174821824984,Resto,8.261989384732768,9.15133319139615,41.098553909750436,9.661972375558756,1,4.050418326071188,4.21157105866158,0.7478906954404502
SALTO,Interior,714,884562560.3327639,497491279.1219028,257829417.6876256,273848097.3921224,187436338.56399256,963529042.310405,534460499.16386926,289888433.4541527,291426627.03157884,198797104.49515295,39425,I,06714,24439.544510092703,30.245754329602708,20.63218603338265,30.086112688315204,8.927178869964232,7.431129266671563,12.4341962426368,Agroindustrial,8.927178869964232,10.58215541183124,30.95859011816003,21.189720995367566,1,3.0199737453266184,5.907205124637613,1.0479025460874682
SAN ANDRES DE GILES,Interior,728,495061261.7044654,258704116.0070064,162042374.46115276,130736820.45613708,101513531.2668064,518149944.5453088,268172835.54469383,171631979.86145058,137201876.53096434,104141676.08582814,26510,I,06728,19545.45245361406,26.479183868554276,20.098752722479865,33.12399850048474,4.663803174853648,3.660057552942456,5.917961540730684,Agroindustrial,4.663803174853648,10.18527729928307,26.408210572973996,20.505246344119424,1,4.451577833117684,0.2122253417359644,0.037611693589192224
SAN ANTONIO DE ARECO,Interior,735,522397044.08382714,243363985.619416,207165843.80707863,103784581.29115894,81206962.35533442,534876068.1454544,244773300.43377373,214015167.95373553,121801192.01632357,82596694.10657014,26897,I,06735,19886.08648345371,22.7718530086115,15.442211574907995,40.01210386843035,2.3888006647343905,0.5790975237238596,3.3062033879654615,Resto,2.3888006647343905,10.199770035207079,19.866992446937548,15.545065439210914,1,5.913528370400121,-3.52472770566573,-0.6241200642764437
SAN CAYETANO,Interior,742,376829661.16927505,256829659.84395057,84389457.52506573,240679039.614343,7351471.236408247,320842272.26732826,205128605.6061811,82497556.5670259,185508566.42473337,7498563.923416095,8994,I,06742,35672.92331191108,57.819240935360966,2.3371496126196964,25.712807724503428,-14.857479299326382,-20.13048425527759,-2.2418688465652172,Resto,-14.857479299326382,9.104312967330653,63.86945201381798,1.9508738281368738,1,0.5715867328579858,-15.429066032184368,-2.7669455580469586
SAN FERNANDO,AMBA,749,2543884558.833536,879970897.4542716,1244734577.5678704,2345747.6356924255,580784133.8936995,2756724619.7743397,1003621525.0879036,1305018881.3728728,2339477.738529547,630189484.0035254,171616,C,06749,16063.331040079827,0.08486439747184658,22.86008110796034,47.33947206811318,8.366734260865927,14.051672389547155,4.843145268993332,Resto,8.366734260865927,12.053014701782653,0.09221124549645589,22.830601014379763,0,6.742278953433564,1.6244553074323638,0.2907199448641662
SAN ISIDRO,AMBA,756,5187455570.520703,1521105188.3575673,2875667194.4959884,0,1087738279.7499478,5387114348.698778,1559441389.2684605,3001182683.7929497,0,1126761170.608896,297282,C,06756,18121.226137804435,0,20.915857686983344,55.710395019141664,3.8488768812343506,2.520285987078051,4.364743233751016,Resto,3.8488768812343506,12.602436462249136,0,20.96862835667166,0,6.077830445904511,-2.2289535646701606,-0.3982485046569765
SAN MIGUEL,AMBA,760,3514911343.604554,966134783.037156,1867341276.1105175,0,814402607.7796384,3800460013.805866,1091986815.373211,1982018650.2653303,0,879895887.3939724,328835,C,06760,11557.346431510834,0,23.152352194144655,52.15207219824141,8.123922406204418,13.026343171335183,6.141211337312381,Resto,8.123922406204418,12.703311384187574,0,23.169933126804434,0,5.788352574140432,2.335569832063986,0.41705797547456425
SAN NICOLAS,Interior,763,5139889012.045361,3089797714.66667,1073998671.5849748,66033791.42971091,2735487954.3689117,5140576884.767566,3010646797.419623,1152897265.2722006,63871886.70111343,2687367693.1788254,168041,I,06763,30591.206222097975,1.242504258430159,52.27755081617335,22.42739076013897,0.01338302676561941,-2.5616860570299766,7.346246859950922,Resto,0.01338302676561941,12.031963276229668,1.2847318546171003,53.22075920235397,1,4.106753606272024,-4.093370579506405,-0.7727398484719602
SAN PEDRO,Interior,770,999919862.2047756,432332533.0041544,413070482.2272332,239276700.72671303,128260161.6151388,1086090747.6547637,480570112.9467087,438101496.2723167,275549556.9202032,140096040.1736646,68613,I,06770,15829.226934469614,25.37076736131006,12.899109993909738,40.33746693987824,8.617779154820012,11.157517942812484,6.059744068401826,Resto,8.617779154820012,11.13623730013347,23.92958773707318,12.827044092546704,1,4.001734745291051,4.616044409528961,0.8177944052746963
SAN VICENTE,Interior,778,1113802736.2661886,493359332.5061793,432633929.94126207,18840249.566023786,166356406.46462968,1159464227.3438573,494847269.4625699,466891079.8450997,18319042.59684166,173030289.5639377,98215,C,06778,11805.368093914954,1.579957549773449,14.923296940374067,40.26782964358208,4.099603061736059,0.30159294825380495,7.918276291572567,Resto,4.099603061736059,11.494914232168377,1.6915248052974023,14.93589493434967,0,7.782589355952264,-3.682986294216205,-0.6645858933936849
SUIPACHA,Interior,784,223930441.18679315,104192907.84189358,88915871.57595849,64041482.4738643,31042917.806396607,235835650.00046065,111014235.16068584,91577711.15712298,67550032.04369813,34427048.73733652,11786,I,06784,20009.81248943328,28.64284176016908,14.59789846754266,38.83115684882422,5.3164762908392,6.546824980778173,2.993660787422586,Agroindustrial,5.3164762908392,9.374667665397858,28.598828339039287,13.86275025488917,1,5.674084710394358,-0.3576084195551582,-0.0635710625150488
TANDIL,Interior,791,2280291480.145057,856887561.4047045,1105417363.4550486,486457675.4253571,210771847.51657987,2431543034.9070425,912569044.6962566,1179029813.5052426,470485620.29731816,230154707.0763276,145575,I,06791,16703.026171437694,19.34926149951135,9.465376667089355,48.488955226339094,6.632992145037689,6.498108479982247,6.659244958855529,Resto,6.632992145037689,11.888446696705321,21.33313568291769,9.243197606613517,1,3.597881607424333,3.035110537613356,0.5449446253667792
TAPALQUE,Interior,798,165030719.11743787,74036003.13101152,69182888.67564146,62638885.83062704,3293770.563404274,177867604.6290837,82888375.17078052,71374812.64304255,68674027.81846452,3656813.643397545,10783,I,06798,16495.187297513094,38.60963212591407,2.0559188678698876,40.128056366354095,7.778482442720824,11.956847567938212,3.168303621546869,Resto,7.778482442720824,9.285726098882073,37.95589461502161,1.995853003015994,1,4.908632051579185,2.8698503911416386,0.5094593063819784
TIGRE,AMBA,805,7066860400.715076,2792668562.2465396,3024197959.9647865,232864.06559135657,2212322853.4695673,7736685182.617766,3154520125.774707,3242476346.387429,224390.49851168244,2385430091.376771,446949,C,06805,17309.995508699576,0.00290034418119826,30.83271498155548,41.910408267256294,9.478392722104886,12.95719686968792,7.217728115430126,Resto,9.478392722104886,13.010199773126763,0.0032951558738558593,31.305597224556866,0,4.814051915907212,4.664340806197673,0.8351555212617269
TORDILLO,Interior,812,43231583.43556036,20616990.74453132,17444864.67883363,16132025.581933834,281012.25489226275,52877146.99650717,26906342.169804063,20056313.166115537,18994334.733218715,389530.8983970941,2542,I,06812,20801.39535661179,35.92163309127362,0.7366715500418826,37.930021389846104,22.31138162062507,30.50567128445261,14.969726251017878,Resto,22.31138162062507,7.8407064517494,37.31537061551244,0.6500161052651027,1,7.216841257498336,15.094540363126734,2.757743712575582
TORNQUIST,Interior,819,282527843.65966034,143378492.16047946,102741837.59680904,77854435.56916775,20122080.679620333,315568088.68968624,168343734.15540254,107947044.97176944,75351376.19387802,21504596.92081927,14810,I,06819,21307.771012132765,23.878008865457485,6.8145663936146,34.207211958595444,11.694509327663631,17.412124802498415,5.066297719325643,Resto,11.694509327663631,9.603057907261844,27.556376235594332,7.122158446039698,1,5.962178630124844,5.732330697538788,1.0169048668858716
TRENQUE LAUQUEN,Interior,826,1161227443.1281536,642237100.279246,386062708.70634335,535916114.6057936,62534131.960560374,1295499172.1637056,726241737.3999184,422550115.2327772,605964455.9134113,65657276.595315255,49499,I,06826,26172.22917965425,46.77459229104306,5.068106410724783,32.616780026732556,11.562913865852698,13.08000379986567,9.45116057665849,Resto,11.562913865852698,10.809707746332515,46.150830982957544,5.385175172238767,1,1.0107826865590592,10.552131179293639,1.8828592514950773
TRES ARROYOS,Interior,833,1448690657.5833173,774230184.480526,496517160.8282493,522890257.82501733,141613441.55533996,1322058766.9487195,637517936.868224,510625701.6917461,397823554.62490374,137036213.32641324,62426,I,06833,21178.01504098804,30.09121565322479,10.36536474416259,38.623525251472614,-8.74112702886088,-17.657829719468996,2.8415011557631016,Resto,-8.74112702886088,11.041737134242736,36.093989775380656,9.775271264023836,1,2.1754544740933603,-10.91658150295424,-1.9390280797698591
TRES DE FEBRERO,AMBA,840,5679467414.413377,1905189486.8817143,2758837801.139914,51329.72579171667,1725162291.8262973,5993113394.008009,2046457387.3071072,2870823882.5123653,56833.9890643583,1828133706.802306,364176,C,06840,16456.640179495655,9.483216039459832e-4,30.50390651093132,47.9020451270395,5.522454073751001,7.414900270975704,4.059175980776405,Resto,5.522454073751001,12.805392546245965,9.037770982091009e-4,30.375423713994255,0,5.1733166874800665,0.3491373862709345,0.062450304662466045
TRES LOMAS,Interior,847,194049109.89840811,100217451.81128477,72272306.62186314,89674175.71415813,5448433.323974167,201591852.0411096,111749608.0785895,66275087.099959895,102273385.37760758,5329729.413874978,9164,I,06847,21998.23789187141,50.73289636564849,2.6438218409681133,32.87587589921281,3.887027436843375,11.507133796437437,-8.29808788763499,Resto,3.887027436843375,9.123038043573386,46.212103606713725,2.8077600184956393,1,3.626354079836436,0.2606733570069387,0.04627990326785811
25 DE MAYO,Interior,854,852423491.3664225,515185846.2324616,240225984.82096452,465443510.2348565,30372284.681563094,863335246.3435808,510680246.891069,251093466.72461107,452294078.5390775,31679887.82603428,35563,I,06854,24276.220969647693,52.38915942035783,3.669476945393547,29.08412088908086,1.280086141181647,-0.8745580598422662,4.5238577798924915,Resto,1.280086141181647,10.479061050523804,54.60237956238832,3.5630511112354215,1,0.10909116151750942,1.1709949796641377,0.20973666748903516
VICENTE LOPEZ,AMBA,861,5229469487.05202,1447172689.2595716,2989631666.136005,0,1181093667.299388,5288791208.604299,1451618134.5373702,3017586987.745507,0,1211856626.1199486,282280,C,06861,18735.975657518415,0,22.913678727728698,57.05626992489729,1.1343736051841775,0.3071813965804669,0.9350757796070952,Resto,1.1343736051841775,12.550654765114766,0,22.585343890498525,0,6.048788019947804,-4.914414414763627,-0.8776367037705276
VILLA GESELL,Interior,868,419790494.996938,80181768.48418224,272051485.51358956,0,20593721.253620006,458612933.68447894,92290780.35396913,293574115.035156,0,22911030.343261387,37463,I,06868,12241.7567649275,0,4.995722680386494,64.01348358769403,9.248050908781089,15.101951601598408,7.911233964017942,Resto,9.248050908781089,10.531109058215867,0,4.905714040469215,1,9.64852127151299,-0.4004703627319012,-0.07320060922981499
VILLARINO,Interior,875,488162182.37160903,199390393.73447344,220976497.4484552,140023094.7293422,24673973.469602052,501490061.5675955,199272073.96481135,231517787.6525035,135787290.06149486,25405812.510653637,32717,I,06875,15328.1187629549,27.076765915767243,5.06606500460612,46.16597723368789,2.730215423742252,-0.05934075731833795,4.770321878464546,Resto,2.730215423742252,10.395650099471604,28.683724341176205,5.054462299748408,1,4.739704779085079,-2.0094893553428266,-0.3558109924253477
ZARATE,Interior,882,2727321537.450937,1392138214.869743,841021878.0209461,53804882.17972778,1027604845.8871129,2910993103.3949385,1461534471.9452567,930932418.3082132,59155766.33195368,1075325436.96889,132221,I,06882,22016.117737688703,2.032150686408821,36.94015749177812,31.979890890930506,6.734503556763184,4.98486833665483,10.690630367290836,Resto,6.734503556763184,11.79223004401129,1.9728103724072064,37.67817002052326,1,5.3393013208189455,1.3952022359442382,0.2526765365760413
